seIdx,name,seqArc,slot,se,se_hex,notes
0,SE_battle_in,0,1,0,0x0000,
1,SE_battle_out,0,1,1,0x0001,
2,SE_pause,0,4,2,0x0002,
3,SE_foot01,0,2,3,0x0003,
4,SE_foot02,0,2,4,0x0004,
5,SE_field_wo,0,2,5,0x0005,
6,SE_noise_check,0,2,6,0x0006,
7,SE_noise_check02,0,2,7,0x0007,
8,SE_noise_check03,0,2,8,0x0008,
9,SE_noise_check04,0,2,9,0x0009,
10,SE_noise_check05,0,2,10,0x000A,
11,SE_noise_check06,0,2,11,0x000B,
12,SE_noise_check07,0,2,12,0x000C,
13,SE_noise_check08,0,2,13,0x000D,
14,SE_noise_check09,0,2,14,0x000E,
15,SE_peneffectS,1,2,0,0x0000,
16,SE_peneffectM,1,2,1,0x0001,
17,SE_peneffectL,1,2,2,0x0002,
18,SE_enemy_appear,1,2,4,0x0004,
19,SE_enemy_disappear,1,2,5,0x0005,
20,SE_ready01,1,2,6,0x0006,
21,SE_ready02,1,2,7,0x0007,
22,SE_noiseerased01,1,2,8,0x0008,
23,SE_noiseerased02,1,2,9,0x0009,
24,SE_gameover,1,2,10,0x000A,
25,SE_quickjump01,1,2,11,0x000B,
26,SE_quickjump02,1,2,12,0x000C,
27,SE_quickjump03,1,2,13,0x000D,
28,SE_flash,1,2,14,0x000E,
29,SE_warning,1,1,15,0x000F,
30,SE_finishmove,1,2,16,0x0010,
31,SE_finishmove_hit,1,2,17,0x0011,
32,SE_green_light,1,2,18,0x0012,
33,SE_green_light02,1,2,19,0x0013,
34,SE_appear_version,1,2,20,0x0014,
35,SE_obje_car,1,2,21,0x0015,
36,SE_obje_corn,1,2,22,0x0016,
37,Btl_result_badgeget,1,1,160,0x00A0,
38,Btl_result_badgeup,1,1,161,0x00A1,
39,Btl_result_counterloop,1,1,162,0x00A2,
40,Btl_result_counterstop,1,1,163,0x00A3,
41,Btl_result_rank,1,1,164,0x00A4,
42,Btl_system_cursor,1,1,167,0x00A7,
43,Btl_system_execute,1,1,168,0x00A8,
44,SE_coin_get,1,2,23,0x0017,
45,SE_psy_full,1,1,136,0x0088,
46,SE_psy_empty,1,1,137,0x0089,
47,SE_obj_SS01,1,2,156,0x009C,
48,SE_obj_S01,1,2,157,0x009D,
49,SE_obj_M01,1,2,158,0x009E,
50,SE_obj_L01,1,2,159,0x009F,
51,SE_weapon_switch,1,1,3,0x0003,
52,SE_psy_icepillar01,1,2,26,0x001A,
53,SE_psy_psycofall01,1,2,29,0x001D,
54,SE_psy_psycofall01_ground,1,2,31,0x001F,
55,SE_psy_swordpierce01,1,2,32,0x0020,
56,SE_psy_swordpierce01_hit,1,2,33,0x0021,
57,SE_psy_shouryuuken01,1,2,34,0x0022,
58,SE_psy_shouryuuken01_hit,1,2,35,0x0023,
59,SE_psy_teleport01_01,1,2,42,0x002A,
60,SE_psy_teleport01_02,1,2,43,0x002B,
61,SE_psy_psycoterritory01_01,1,2,44,0x002C,
62,SE_psy_psycoterritory01_02,1,2,45,0x002D,
63,SE_psy_psycoterritory01_hit,1,2,46,0x002E,
64,SE_psy_objbomb01_01,1,2,47,0x002F,
65,SE_psy_objbomb01_01_cancel,1,2,48,0x0030,
66,SE_psy_objbomb01_02,1,2,49,0x0031,
67,SE_psy_objbomb01_03,1,2,50,0x0032,
68,SE_psy_objbomb01_04,1,2,51,0x0033,
69,SE_psy_fireball01_01,1,2,52,0x0034,
70,SE_psy_fireball01_02,1,2,53,0x0035,
71,SE_psy_fireball01_03,1,2,54,0x0036,
72,SE_psy_fireball01_hit,1,2,55,0x0037,
73,SE_psy_fireball02_01,1,2,56,0x0038,
74,SE_psy_fireball02_02,1,2,57,0x0039,
75,SE_psy_fireball02_hit,1,2,58,0x003A,
76,SE_psy_waterball01_01,1,2,59,0x003B,
77,SE_psy_waterball01_02,1,2,60,0x003C,
78,SE_psy_waterball01_hit,1,2,61,0x003D,
79,SE_psy_opticalhold01_01,1,2,62,0x003E,
80,SE_psy_opticalhold01_02,1,2,63,0x003F,
81,SE_psy_opticalhold01_hit,1,2,64,0x0040,
82,SE_psy_fireworks01_01,1,2,65,0x0041,
83,SE_psy_fireworks01_01_cancel,1,2,66,0x0042,
84,SE_psy_fireworks01_02,1,2,67,0x0043,
85,SE_psy_fireworks01_03,1,2,68,0x0044,
86,SE_psy_fireworks01_hit,1,2,69,0x0045,
87,SE_psy_boomerang01,1,2,70,0x0046,
88,SE_psy_boomerang01_hit,1,2,71,0x0047,
89,SE_psy_psycothunder01,1,2,72,0x0048,
90,SE_psy_streetlive01,1,2,73,0x0049,
91,SE_psy_psycokinesis01,1,2,74,0x004A,
92,SE_psy_psycokinesis01_cancel,1,2,75,0x004B,
93,SE_psy_psycokinesis02,1,2,76,0x004C,
94,SE_psy_rockbind01,1,2,80,0x0050,
95,SE_psy_rockbind02,1,2,81,0x0051,
96,SE_psy_rockbind03,1,2,82,0x0052,
97,SE_psy_icebind01,1,2,83,0x0053,
98,SE_psy_icebind02,1,2,84,0x0054,
99,SE_psy_icebind03,1,2,85,0x0055,
100,SE_psy_velocityattack01,1,2,86,0x0056,
101,SE_psy_velocityattack_hit,1,2,87,0x0057,
102,SE_psy_rockonthunder_drag01,1,2,88,0x0058,
103,SE_psy_sycokinesis_s,1,2,90,0x005A,
104,SE_psy_burstshot01,1,2,38,0x0026,
105,SE_psy_burstshot01_02,1,2,39,0x0027,
106,SE_psy_burstshot01_hit,1,2,41,0x0029,
107,SE_psy_sycoquake01,1,2,91,0x005B,
108,SE_psy_straightshot01,1,2,27,0x001B,
109,SE_psy_straightshot01_hit,1,2,28,0x001C,
110,SE_psy_burstshot01_03,1,2,40,0x0028,
111,SE_boss_dyingfx01,1,2,170,0x00AA,
112,SE_boss_dyingfx02,1,2,171,0x00AB,
113,SE_btleffect_ug_slash_s,1,2,138,0x008A,
114,SE_btleffect_ug_slash_l,1,2,139,0x008B,
115,SE_btleffect_ug_strike_s,1,2,140,0x008C,
116,SE_btleffect_ug_strike_l,1,2,141,0x008D,
117,SE_btleffect_ug_poke_s,1,2,142,0x008E,
118,SE_btleffect_ug_poke_l,1,2,143,0x008F,
119,SE_btleffect_ug_enemy_s,1,2,144,0x0090,
120,SE_btleffect_ug_enemy_l,1,2,145,0x0091,
121,SE_btleffect_ug_bomb_s,1,2,146,0x0092,
122,SE_btleffect_ug_bomb_l,1,2,147,0x0093,
123,SE_btleffect_ug_light,1,2,148,0x0094,
124,SE_btleffect_ug_ice,1,2,149,0x0095,
125,SE_btleffect_ug_water,1,2,150,0x0096,
126,SE_btleffect_ug_fire,1,2,151,0x0097,
127,SE_btleffect_ug_bluefire,1,2,152,0x0098,
128,SE_btleffect_ug_dark,1,2,153,0x0099,
129,SE_btleffect_ug_thunder,1,2,154,0x009A,
130,SE_btleffect_ug_black,1,2,155,0x009B,
131,Btl_result_evo_flash,1,2,165,0x00A5,
132,Btl_result_evo_lvup,1,2,166,0x00A6,
133,SE_partner_guard,1,2,24,0x0018,
134,Btl_system_food,1,2,169,0x00A9,
135,SE_psy_pirrar_nobiru01_01,1,2,92,0x005C,
136,SE_psy_pirrar_tobu01_01,1,2,93,0x005D,
137,SE_psy_typhoon_blow01_01,1,2,94,0x005E,
138,SE_psy_typhoon_blow01_hit,1,2,95,0x005F,
139,SE_psy_beat_stab01_01,1,2,96,0x0060,
140,SE_psy_downstab_stab01_01,1,2,97,0x0061,
141,SE_psy_downstab_stab01_02,1,2,98,0x0062,
142,SE_psy_piercestab_stab01_01,1,2,99,0x0063,
143,SE_psy_rollingcut_cut01_01,1,2,100,0x0064,
144,SE_psy_firehold_fire01_01,1,2,101,0x0065,
145,SE_psy_icehold_boot01_01,1,2,103,0x0067,
146,SE_psy_icehold_hold01_01,1,2,104,0x0068,
147,SE_psy_blackhall_hall01_01,1,2,105,0x0069,
148,SE_psy_darkseald_boot01_01,1,2,106,0x006A,
149,SE_psy_darkseald_dark01_01,1,2,107,0x006B,
150,SE_psy_psycobomb_bomb01_01,1,2,108,0x006C,
151,SE_psy_psycobomb_bomb01_02,1,2,109,0x006D,
152,SE_psy_psycobomb_bomb01_03,1,2,110,0x006E,
153,SE_psy_egenerate_boot01_01,1,2,115,0x0073,
154,SE_psy_hvsword_swish01_01,1,2,112,0x0070,
155,SE_psy_badge_push,1,2,130,0x0082,
156,SE_psy_psycokinesis03_01,1,2,77,0x004D,
157,SE_psy_psycokinesis03_02,1,2,78,0x004E,
158,SE_psy_psycokinesis03_03,1,2,79,0x004F,
159,SE_psy_hado_01_01,1,2,117,0x0075,
160,SE_psy_hado_01_02,1,2,118,0x0076,
161,SE_psy_rhyme_fly01_01,1,2,119,0x0077,
162,SE_psy_rhyme_fly01_02,1,2,120,0x0078,
163,SE_psy_rhyme_fly01_03,1,2,121,0x0079,
164,SE_psy_straightshot02_01,1,2,123,0x007B,
165,SE_psy_straightshot02_02,1,2,124,0x007C,
166,SE_psy_straightshot03,1,2,125,0x007D,
167,SE_psy_straightshot04,1,2,126,0x007E,
168,SE_psy_straightshot05,1,2,127,0x007F,
169,SE_psy_straightshot06,1,2,128,0x0080,
170,SE_psy_straightshot07,1,2,129,0x0081,
171,SE_psy_psycofall02,1,2,30,0x001E,
172,SE_psy_firehold_fire01_02,1,2,102,0x0066,
173,SE_psy_psycobomb_bomb01_hit,1,2,111,0x006F,
174,SE_psy_egenerate_shot01_01,1,2,116,0x0074,
175,SE_psy_rhyme_fly01_hit,1,2,122,0x007A,
176,SE_psy_waterbarrier_boot01,1,2,131,0x0083,
177,SE_psy_waterbarrier_fx01,1,2,132,0x0084,
178,SE_psy_firebarrier_boot01,1,2,133,0x0085,
179,SE_psy_firebarrier_fx01,1,2,134,0x0086,
180,SE_psy_badgebeam01,1,2,135,0x0087,
181,SE_psy_hvsword_tame01_01,1,2,113,0x0071,
182,SE_psy_hvsword_tame01_02,1,2,114,0x0072,
183,SE_rensen_whiteout,1,2,25,0x0019,
184,SE_scanS_open,2,1,0,0x0000,
185,SE_scanS_close,2,1,1,0x0001,
186,SE_scanL_open,2,1,2,0x0002,
187,SE_scanL_close,2,1,3,0x0003,
188,SE_scanR_open,2,1,4,0x0004,
189,SE_scanR_hit,2,1,5,0x0005,
190,SE_scan_stop,2,1,6,0x0006,
191,SE_dialog_cutin,2,1,7,0x0007,
192,SE_dialog_box,2,2,8,0x0008,
193,SE_dialog_boxL,2,1,9,0x0009,
194,SE_dialog_next,2,1,10,0x000A,
195,SE_dialog_sign,2,1,11,0x000B,
196,SE_keyword_switch,2,1,12,0x000C,
197,SE_item_twinkle_loop,2,1,13,0x000D,
198,SE_item_twinkle_stop,2,1,14,0x000E,
199,SE_hachikou_touch,2,2,15,0x000F,
200,SE_mapjump_guard,2,2,16,0x0010,
201,SE_get_item,2,1,17,0x0011,
202,SE_get_keyword,2,1,18,0x0012,
203,FD_parasite_bomb,2,1,20,0x0014,
204,FD_game_start,2,1,21,0x0015,
205,FD_flash,2,1,22,0x0016,
206,BG_HWV_IMD,2,1,23,0x0017,
207,BG_A109_IMD,2,1,24,0x0018,
208,BG_SPAIN_IMD73,2,1,25,0x0019,
209,EV_se_mail,2,1,43,0x002B,
210,EV_se_timer_flash,2,1,44,0x002C,
211,EV_se_timer,2,1,45,0x002D,
212,EV_se_ene_appear,2,1,46,0x002E,
213,EV_se_mail_erase,2,1,50,0x0032,
214,EV_se_barrier_hit,2,1,51,0x0033,
215,EV_se_timer_disappear,2,1,52,0x0034,
216,EV_se_trainBG01,2,1,53,0x0035,
217,EV_se_trainBG02,2,1,54,0x0036,
218,EV_se_noise_disappear,2,1,55,0x0037,
219,EV_se_noise_approach_looped,2,1,56,0x0038,
220,EV_se_timer_looped,2,1,57,0x0039,
221,EV_se_mail_others,2,1,58,0x003A,
222,EV_se_lime_disappear,2,1,59,0x003B,
223,EV_se_tel_ring_looped,2,1,60,0x003C,
224,EV_se_tel_ring_stop,2,1,61,0x003D,
225,EV_se_lightnning,2,1,62,0x003E,
226,EV_se_key_get,2,1,63,0x003F,
227,EV_se_mainpower01,2,1,65,0x0041,
228,EV_se_mainpower02,2,1,66,0x0042,
229,EV_se_cheer,2,1,67,0x0043,
230,EV_se_footsteps,2,1,68,0x0044,
231,EV_se_loop_stop,2,1,69,0x0045,
232,EV_se_badge,2,1,42,0x002A,
233,EV_se_BGnoise01,2,1,70,0x0046,
234,EV_se_BGnoise02,2,1,71,0x0047,
235,EV_se_barrier_cancel,2,1,72,0x0048,
236,EV_se_mail_keyword,2,1,73,0x0049,
237,EV_se_exclamation,2,1,74,0x004A,
238,EV_se_shutter,2,1,75,0x004B,
239,EV_se_detection_on,2,1,76,0x004C,
240,EV_se_detection_low,2,1,77,0x004D,
241,EV_se_detection_high,2,1,78,0x004E,
242,EV_se_headache,2,1,79,0x004F,
243,EV_se_agreement,2,1,80,0x0050,
244,EV_se_shiki_warp,2,1,81,0x0051,
245,EV_se_battle_allarm,2,1,82,0x0052,
246,EV_se_bossnoise_diaappear,2,1,83,0x0053,
247,EV_se_EVpre_expl,2,1,84,0x0054,
248,EV_se_EV_expl,2,1,85,0x0055,
249,EV_se_ene_appear_SP,2,1,86,0x0056,
250,EV_se_NPC_hit,2,1,87,0x0057,
251,EV_se_pendant,2,1,88,0x0058,
252,EV_se_entryfee,2,1,89,0x0059,
253,EV_se_choker,2,1,90,0x005A,
254,EV_se_negative_people,2,1,91,0x005B,
255,EV_se_gra082,2,1,92,0x005C,
256,EV_se_cell_call,2,1,93,0x005D,
257,EV_se_barriar_break,2,1,94,0x005E,
258,EV_se_brainwash,2,1,95,0x005F,
259,EV_se_badge_redskull,2,1,96,0x0060,
260,BG_city_ambiS,2,1,26,0x001A,
261,BG_city_ambiM,2,1,27,0x001B,
262,BG_city_ambiL,2,1,28,0x001C,
263,BG_city_train,2,1,29,0x001D,
264,BG_city_train_ea001RtoL,2,1,30,0x001E,
265,BG_city_train_ea001LtoR,2,1,31,0x001F,
266,BG_city_train_no010RtoL,2,1,32,0x0020,
267,BG_city_train_no010LtoR,2,1,33,0x0021,
268,BG_city_carpass_slow,2,2,34,0x0022,
269,BG_city_carpass_fast,2,2,35,0x0023,
270,BG_city_car_slow,2,3,41,0x0029,
271,BG_city_water_sewer,2,3,36,0x0024,
272,BG_city_water_room,2,1,37,0x0025,
273,SN_se_Nzsymbol_appear,2,2,107,0x006B,
274,SN_se_Nztriger_touch,2,2,109,0x006D,
275,SN_se_Nzsymbol_activetouch,2,2,110,0x006E,
276,SN_se_Nz_chain,2,2,111,0x006F,
277,SN_se_Nz_luck_rise,2,1,112,0x0070,
278,Menu_Menter,2,1,130,0x0082,
279,Menu_Mexit,2,1,131,0x0083,
280,Menu_Mscratch,2,1,132,0x0084,
281,Menu_Msystem_scroll,2,1,133,0x0085,
282,Menu_Msystem_cursor,2,1,134,0x0086,
283,Menu_Msystem_return,2,1,135,0x0087,
284,Menu_Msystem_execute,2,1,136,0x0088,
285,EV_se_whiteoutS,2,2,47,0x002F,
286,EV_se_whiteoutM,2,2,48,0x0030,
287,EV_se_whiteoutL,2,2,49,0x0031,
288,EV_se_select_appear,2,2,64,0x0040,
289,DEV_se_scanbadge_appear01,2,1,117,0x0075,
290,DEV_se_scanbadge_appear02,2,1,118,0x0076,
291,DEV_se_scanbadge_susten,2,1,119,0x0077,
292,DEV_se_scanbadge_susten_touch,2,1,120,0x0078,
293,BG_city_ele_arrivalsign,2,2,38,0x0026,
294,BG_city_ele_open,2,2,39,0x0027,
295,BG_city_ele_close,2,2,40,0x0028,
296,Menu_Msystem_click01,2,2,137,0x0089,
297,Menu_Msystem_click02,2,2,138,0x008A,
298,DEV_se_scanbadge_touch,2,2,121,0x0079,
299,DEV_se_surikomibadge_appear,2,2,122,0x007A,
300,DEV_se_surikomibadge_touch,2,2,123,0x007B,
301,DEV_se_surikomibadge_cursor,2,2,124,0x007C,
302,DEV_se_surikomibadge_execute,2,2,125,0x007D,
303,DEV_se_surikomibadge_complete,2,2,126,0x007E,
304,SE_jyoukyuu01_door,2,2,19,0x0013,
305,SG_shinigamisan_touch,2,2,127,0x007F,
306,SG_shinigamisan_release,2,2,128,0x0080,
307,SG_shinigamisan_kettei,2,2,129,0x0081,
308,EV_se_reserve01,2,2,97,0x0061,
309,EV_se_reserve02,2,2,98,0x0062,
310,EV_se_reserve03,2,2,99,0x0063,
311,EV_se_reserve04,2,2,100,0x0064,
312,EV_se_reserve05,2,2,101,0x0065,
313,EV_se_reserve06,2,2,102,0x0066,
314,EV_se_reserve07,2,2,103,0x0067,
315,EV_se_reserve08,2,2,104,0x0068,
316,EV_se_reserve09,2,2,105,0x0069,
317,EV_se_reserve10,2,2,106,0x006A,
318,Menu_shop_ability,2,2,139,0x008B,
319,Menu_shop_lvup,2,2,140,0x008C,
320,Menu_save,2,2,141,0x008D,
321,Menu_Msystem_kinshi,2,2,142,0x008E,
322,Menu_Msystem_stock_master_in,2,2,143,0x008F,
323,SN_se_NzsymbolButa,2,2,115,0x0073,
324,SN_se_NzsymbolButa_appear,2,2,116,0x0074,
325,SE_boy_swishhit,3,2,0,0x0000,
326,SE_boy_swishA,3,2,1,0x0001,
327,SE_boy_swishB,3,2,2,0x0002,
328,SE_boy_swishHit2,3,2,3,0x0003,
329,SE_boy_fireS,3,2,4,0x0004,
330,SE_boy_fireE,3,2,5,0x0005,
331,SE_boy_thunder,3,2,6,0x0006,
332,SE_boy_thunder_cursor,3,2,7,0x0007,
333,SE_boy_dart,3,2,8,0x0008,
334,SE_boy_recover_drink,3,2,9,0x0009,
335,SE_boy_levelup,3,1,10,0x000A,
336,SE_boy_float,3,2,11,0x000B,
337,SE_girl_dart_throw,4,2,1,0x0001,
338,SE_girl_dart_hit,4,2,2,0x0002,
339,SE_girl_dart_hit2,4,2,3,0x0003,
340,SE_girl_dart_cursor01,1,1,172,0x00AC,
341,SE_girl_dart_cursor02,1,1,173,0x00AD,
342,SE_girl_ESP_full,1,1,174,0x00AE,
343,SE_girl_bear_attack,4,2,4,0x0004,
344,SE_girl_bear_attackSP,4,2,5,0x0005,
345,SE_girl_SP_Lv2_01,4,2,8,0x0008,
346,SE_girl_SP_Lv2_02,4,1,9,0x0009,
347,SE_girl_SP_Lv3_01,4,1,10,0x000A,
348,SE_girl_SP_Lv3_02,4,2,11,0x000B,
349,SE_girl_SP_Lv3_03,4,1,12,0x000C,
350,SE_girl_SP_Lv3_04,4,1,13,0x000D,
351,SE_girl_SP_Lv3_05,4,2,14,0x000E,
352,SE_girl_SP_Lv3_06,4,1,15,0x000F,
353,SE_girl_airattack,4,2,6,0x0006,
354,SE_girl_airattack_hit,4,2,7,0x0007,
355,SE_girl_ayatsu_teleport_UP,4,2,16,0x0010,
356,SE_girl_ayatsu_teleport_DOWN,4,2,17,0x0011,
357,SE_girl_appear,4,2,0,0x0000,
358,SE_girl_ayatsu_blackshadow,4,2,18,0x0012,
359,SE_joshua_beam,5,2,0,0x0000,
360,SE_joshua_beam_angel,5,2,1,0x0001,
361,SE_joshua_beam_SP,5,1,2,0x0002,
362,SE_joshua_obj_fall,5,2,3,0x0003,
363,SE_joshua_swish,5,2,4,0x0004,
364,SE_joshua_teleport_UP,5,2,5,0x0005,
365,SE_joshua_teleport_DOWN,5,2,6,0x0006,
366,SE_joshua_SP_common,5,1,7,0x0007,
367,SE_joshua_SP_Lv2_01,5,1,9,0x0009,
368,SE_joshua_SP_Lv2_02,5,2,10,0x000A,
369,SE_joshua_SP_Lv3_01,5,1,11,0x000B,
370,SE_joshua_SP_Lv3_02,5,2,12,0x000C,
371,SE_joshua_SP_Lv3_03,5,2,13,0x000D,
372,SE_joshua_SP_Lv1_01,5,2,8,0x0008,
373,SE_joshua_gekisha,5,2,14,0x000E,
374,SE_beat_SP_Lv3_01,6,1,0,0x0000,
375,SE_beat_SP_Lv3_02,6,1,1,0x0001,
376,SE_beat_SP_Lv3_03,6,1,2,0x0002,
377,SE_beat_SP_Lv3_hit,6,2,3,0x0003,
378,SE_beat_effect_atk0,6,2,6,0x0006,
379,SE_beat_effect_atk1,6,2,7,0x0007,
380,SE_beat_effect_atk2,6,2,8,0x0008,
381,SE_beat_effect_atk3,6,2,9,0x0009,
382,SE_beat_SP_Lv2_01,6,2,4,0x0004,
383,SE_beat_SP_Lv2_hit,6,2,5,0x0005,
384,SE_beat_skate,6,2,10,0x000A,
385,SE_frog_appear,7,2,0,0x0000,
386,SE_frog_JumpS,7,2,1,0x0001,
387,SE_frog_JumpL,7,2,2,0x0002,
388,SE_frog_Jumphit,7,2,3,0x0003,
389,SE_frog_Jumpkick,7,2,4,0x0004,
390,SE_frog_land,7,2,5,0x0005,
391,SE_frog_voc_attack,7,2,6,0x0006,
392,SE_frog_voc_damage,7,2,7,0x0007,
393,SE_frog_voc_dying,7,2,8,0x0008,
394,SE_frog_voc_idle,7,2,9,0x0009,
395,SE_frog_babble,7,2,10,0x000A,
396,SE_otama_redeye,7,2,11,0x000B,
397,SE_otama_jump01,7,2,12,0x000C,
398,SE_otama_jump02,7,2,13,0x000D,
399,SE_otama_rollingdamage,7,2,14,0x000E,
400,SE_otama_rollingaround,7,2,15,0x000F,
401,SE_otama_voc_dying,7,2,16,0x0010,
402,SE_wolf_appear,8,2,0,0x0000,
403,SE_wolf_transfer,8,2,1,0x0001,
404,SE_wolf_foot,8,2,2,0x0002,
405,SE_wolf_tail,8,2,3,0x0003,
406,SE_wolf_tranfer_hit,8,2,4,0x0004,
407,SE_wolf_jump_hit,8,2,5,0x0005,
408,SE_wolf_voc_attack,8,2,6,0x0006,
409,SE_wolf_voc_damage,8,2,7,0x0007,
410,SE_wolf_voc_dying,8,2,8,0x0008,
411,SE_bear_appear,9,2,0,0x0000,
412,SE_bear_attack,9,2,1,0x0001,
413,SE_bear_attackSP,9,2,2,0x0002,
414,SE_bear_attackhit,9,2,3,0x0003,
415,SE_bear_voc_attack,9,2,4,0x0004,
416,SE_bear_voc_damage,9,2,5,0x0005,
417,SE_bear_voc_dying,9,2,6,0x0006,
418,SE_bear_preattacknail,9,2,7,0x0007,
419,SE_bear_preattackjump,9,2,8,0x0008,
420,SE_bear_voc_shout,9,2,9,0x0009,
421,SE_sbat_spark,10,2,0,0x0000,
422,SE_sbat_voc_slowattack,10,2,1,0x0001,
423,SE_sbat_voc_fastattack,10,2,2,0x0002,
424,SE_sbat_hit,10,2,3,0x0003,
425,SE_sbat_voc_damage,10,2,4,0x0004,
426,SE_sbat_voc_dying,10,2,5,0x0005,
427,SE_sbat_rollingattack01,10,2,6,0x0006,
428,SE_sbat_rollingattack02,10,2,7,0x0007,
429,SE_sbat_firstappear,10,1,8,0x0008,
430,SE_sbat_appear,10,1,9,0x0009,
431,SE_sbat_appearalone,10,2,10,0x000A,
432,SE_sbat_spotlight,10,2,11,0x000B,
433,SE_sbat_appear02,10,2,12,0x000C,
434,SE_lbat_flap,11,2,0,0x0000,
435,SE_lbat_flap_small,11,2,1,0x0001,
436,SE_lbat_flap_large,11,2,2,0x0002,
437,SE_lbat_flap_large_hit,11,2,3,0x0003,
438,SE_lbat_beam,11,2,4,0x0004,
439,SE_lbat_hit,11,2,5,0x0005,
440,SE_lbat_voc_attack,11,2,6,0x0006,
441,SE_lbat_voc_damage,11,2,7,0x0007,
442,SE_lbat_voc_dying,11,2,8,0x0008,
443,SE_lbat_upper,11,2,9,0x0009,
444,SE_lbat_strechFX,11,2,10,0x000A,
445,SE_lbat_flyingattack,11,2,11,0x000B,
446,SE_lbat_crossflap,11,2,12,0x000C,
447,SE_lbat_crossinitial,11,2,13,0x000D,
448,SE_lbat_SP,11,1,14,0x000E,
449,SE_lbat_Sflying01,11,2,15,0x000F,
450,SE_lbat_Sflying02,11,2,16,0x0010,
451,SE_lbat_hang,11,2,17,0x0011,
452,SE_lbat_dyingfx01,11,2,18,0x0012,
453,SE_lbat_dyingfx02,11,2,19,0x0013,
454,SE_006_appear,12,2,0,0x0000,
455,SE_006_voc_damage,12,2,1,0x0001,
456,SE_006_voc_dying,12,2,2,0x0002,
457,SE_006_voc_bite,12,2,3,0x0003,
458,SE_006_bite,12,2,4,0x0004,
459,SE_006_splush_SP,12,2,5,0x0005,
460,SE_006_splush,12,2,6,0x0006,
461,SE_006_water_sign,12,2,7,0x0007,
462,SE_006_water_moveS,12,2,8,0x0008,
463,SE_006_water_moveL,12,2,9,0x0009,
464,SE_006_water_swirl,12,2,10,0x000A,
465,SE_006_water_in,12,2,11,0x000B,
466,SE_010_appear,13,2,0,0x0000,
467,SE_010_voc_attack,13,2,1,0x0001,
468,SE_010_voc_damage,13,2,2,0x0002,
469,SE_010_voc_dying,13,2,3,0x0003,
470,SE_010_footstep,13,2,4,0x0004,
471,SE_010_tailattack,13,2,5,0x0005,
472,SE_010_tailattack_hit,13,2,6,0x0006,
473,SE_010_bubbleattack,13,2,7,0x0007,
474,SE_010_bubbleattack_hit,13,2,8,0x0008,
475,SE_010_fireattack,13,2,9,0x0009,
476,SE_010_fireattack_hit,13,2,10,0x000A,
477,SE_010_lazerattack,13,2,12,0x000C,
478,SE_010_spiralattack,13,2,13,0x000D,
479,SE_010_tatoo_kiri,13,2,14,0x000E,
480,SE_010_tatoo_tobashi01,13,2,15,0x000F,
481,SE_010_tatoo_tobashi02,13,2,16,0x0010,
482,SE_010_tosshin_kidou,13,2,17,0x0011,
483,SE_010_tosshin_tobu,13,2,18,0x0012,
484,SE_010_tosshin_idou,13,2,19,0x0013,
485,SE_010_lazerattack_tame,13,2,11,0x000B,
486,SE_011_appear,14,2,0,0x0000,
487,SE_011_voc_damage,14,2,2,0x0002,
488,SE_011_voc_dying,14,2,3,0x0003,
489,SE_011_idle,14,2,4,0x0004,
490,SE_011_move,14,2,5,0x0005,
491,SE_011_foot,14,2,7,0x0007,
492,SE_011_wing,14,2,9,0x0009,
493,SE_011_move_hit,14,2,6,0x0006,
494,SE_011_foot_hit,14,2,8,0x0008,
495,SE_011_wing_hit,14,2,10,0x000A,
496,SE_011_badge_get,14,2,11,0x000B,
497,SE_011_obj_fall,14,2,12,0x000C,
498,SE_011B_sp01,15,2,0,0x0000,
499,SE_011B_obj_catch,15,2,1,0x0001,
500,SE_011B_obj_fall,15,2,2,0x0002,
501,SE_011B_obj_ground,15,2,3,0x0003,
502,SE_012_appear,16,2,0,0x0000,
503,SE_012_voc_damage,16,2,2,0x0002,
504,SE_012_voc_dying,16,2,3,0x0003,
505,SE_012_idlestart,16,2,4,0x0004,
506,SE_012_idleend,16,2,5,0x0005,
507,SE_012_attack00,16,2,6,0x0006,
508,SE_012_attack00hit,16,2,8,0x0008,
509,SE_012_attack01,16,2,9,0x0009,
510,SE_012_attack01hit,16,2,10,0x000A,
511,SE_012_movestart,16,2,11,0x000B,
512,SE_012_moveend,16,2,12,0x000C,
513,SE_012_attack00_01,16,2,7,0x0007,
514,SE_012_tornade_start,16,2,13,0x000D,
515,SE_012_tornade_end,16,2,14,0x000E,
516,SE_013_appear,17,2,0,0x0000,
517,SE_013_voc_attack,17,2,1,0x0001,
518,SE_013_voc_damage,17,2,2,0x0002,
519,SE_013_voc_dying,17,2,3,0x0003,
520,SE_013_needleFX,17,2,4,0x0004,
521,SE_013_needlehit,17,2,5,0x0005,
522,SE_013_bomb_out,17,2,6,0x0006,
523,SE_013_bomb_drop,17,2,7,0x0007,
524,SE_013_bomb_stick,17,2,8,0x0008,
525,SE_013_bomb_targetS,17,2,9,0x0009,
526,SE_013_bomb_targetM,17,2,10,0x000A,
527,SE_013_bomb_targetL,17,2,11,0x000B,
528,SE_013_bomb_timer01,17,2,12,0x000C,
529,SE_013_bomb_timer02,17,2,13,0x000D,
530,SE_013_bomb_expS,17,2,14,0x000E,
531,SE_013_bomb_expM,17,2,15,0x000F,
532,SE_013_bomb_expL,17,2,16,0x0010,
533,SE_014_appear,18,2,0,0x0000,
534,SE_014_voc_damage,18,2,2,0x0002,
535,SE_014_voc_dying,18,2,3,0x0003,
536,SE_014_footstep,18,2,4,0x0004,
537,SE_014_hornattack,18,2,5,0x0005,
538,SE_014_hornattack_hit,18,2,6,0x0006,
539,SE_014_tatakitsuke_swish,18,2,7,0x0007,
540,SE_014_tatakitsuke_hit,18,2,8,0x0008,
541,SE_014_tatakitsuke_hitSP,18,2,9,0x0009,
542,SE_014_guard,18,2,10,0x000A,
543,SE_015_appear,19,2,0,0x0000,
544,SE_015_voc_attack,19,2,1,0x0001,
545,SE_015_voc_damage,19,2,2,0x0002,
546,SE_015_voc_dying,19,2,3,0x0003,
547,SE_015_footstep,19,2,4,0x0004,
548,SE_015_noseattack,19,2,5,0x0005,
549,SE_015_noseattack_hit,19,2,6,0x0006,
550,SE_015_footstamp01,19,2,7,0x0007,
551,SE_015_footstamp02,19,2,8,0x0008,
552,SE_015_footstamp_hit,19,2,9,0x0009,
553,SE_019_appear,20,2,0,0x0000,
554,SE_019_voc_damage,20,2,2,0x0002,
555,SE_019_voc_dying,20,2,3,0x0003,
556,SE_019_tentcle_open_start,20,2,4,0x0004,
557,SE_019_tentcle_open_decay,20,2,5,0x0005,
558,SE_019_move,20,2,7,0x0007,
559,SE_019_segment_start,20,2,8,0x0008,
560,SE_019_segment_end,20,2,9,0x0009,
561,SE_019_needleA,20,2,10,0x000A,
562,SE_019_needleB01,20,2,11,0x000B,
563,SE_019_needleB02,20,2,13,0x000D,
564,SE_019_slowflash,20,2,14,0x000E,
565,SE_019_tentcle_open_hit,20,2,6,0x0006,
566,SE_019_needle_hit,20,2,12,0x000C,
567,SE_019_dengeki,20,2,15,0x000F,
568,SE_021_appear,21,2,0,0x0000,
569,SE_021_voc_attack,21,2,1,0x0001,
570,SE_021_voc_damage,21,2,2,0x0002,
571,SE_021_voc_dying,21,2,3,0x0003,
572,SE_021_flipper,21,2,4,0x0004,
573,SE_021_flipperjump,21,2,5,0x0005,
574,SE_021_flipperhit,21,2,6,0x0006,
575,SE_021_gyorai,21,2,7,0x0007,
576,SE_021_gyoraijump,21,2,8,0x0008,
577,SE_021_gyoraihit,21,2,9,0x0009,
578,SE_022_voc_attack,22,2,0,0x0000,
579,SE_022_voc_damage,22,2,1,0x0001,
580,SE_022_voc_dying,22,2,2,0x0002,
581,SE_022_holeout01,22,2,3,0x0003,
582,SE_022_holeout02,22,2,4,0x0004,
583,SE_022_holein01,22,2,5,0x0005,
584,SE_022_holein02,22,2,6,0x0006,
585,SE_022_bomb_throw,22,2,7,0x0007,
586,SE_022_bomb_pre,22,2,8,0x0008,
587,SE_022_bomb_exp,22,2,9,0x0009,
588,SE_022_swingattack,22,2,10,0x000A,
589,SE_022_swinghit,22,2,11,0x000B,
590,SE_022_dril_jump,22,2,12,0x000C,
591,SE_022_dril_screw,22,2,13,0x000D,
592,SE_022_dril_hole,22,2,14,0x000E,
593,SE_022_dril_holein,22,2,15,0x000F,
594,SE_022_dril_hit,22,2,16,0x0010,
595,SE_022_dril_grind,22,2,17,0x0011,
596,SE_023_appear,23,2,0,0x0000,
597,SE_023_voc_damage,23,2,1,0x0001,
598,SE_023_voc_dying,23,2,2,0x0002,
599,SE_023_otakebi,23,2,3,0x0003,
600,SE_023_mushroom01,23,2,4,0x0004,
601,SE_023_change01,23,2,5,0x0005,
602,SE_023_change02,23,2,6,0x0006,
603,SE_023_moyai_fall,23,2,7,0x0007,
604,SE_023_moyai_ground,23,2,8,0x0008,
605,SE_023_gasha_suikomi,23,2,9,0x0009,
606,SE_023_hitodama_appear,23,2,10,0x000A,
607,SE_023_jitodama_roll,23,2,11,0x000B,
608,SE_023_baha01_whiteout,23,2,12,0x000C,
609,SE_023_baha02_move01,23,2,13,0x000D,
610,SE_023_baha03_move02,23,2,14,0x000E,
611,SE_023_baha04_beam01,23,2,15,0x000F,
612,SE_023_baha05_beam02,23,2,16,0x0010,
613,SE_023_baha05_beam03,23,2,17,0x0011,
614,SE_024_appear,24,2,0,0x0000,
615,SE_024_voc_damage,24,2,2,0x0002,
616,SE_024_voc_dying,24,2,3,0x0003,
617,SE_024_child_out,24,2,4,0x0004,
618,SE_024_child_in,24,2,5,0x0005,
619,SE_024_jump,24,2,6,0x0006,
620,SE_024_land,24,2,7,0x0007,
621,SE_024_jumpkick,24,2,9,0x0009,
622,SE_024_upjump_jump,24,2,11,0x000B,
623,SE_024_upjump_preland,24,2,12,0x000C,
624,SE_024_upjump_land,24,2,13,0x000D,
625,SE_024_target,24,2,14,0x000E,
626,SE_024_upper,24,2,15,0x000F,
627,SE_024_jumpkick_hit,24,2,10,0x000A,
628,SE_024_upper_hit,24,2,16,0x0010,
629,SE_026_appear,25,2,0,0x0000,
630,SE_026_voc_damage,25,2,2,0x0002,
631,SE_026_voc_dying,25,2,3,0x0003,
632,SE_026_voc_odoroki,25,2,4,0x0004,
633,SE_026_voc_ibiki,25,2,5,0x0005,
634,SE_026_voc_escape,25,2,6,0x0006,
635,SE_026_fs_walk,25,2,7,0x0007,
636,SE_026_fs_run,25,2,8,0x0008,
637,SE_026_timer,25,2,9,0x0009,
638,SE_026_timer0,25,2,10,0x000A,
639,SE_026_move_quick,25,2,11,0x000B,
640,SE_026_tosshin,25,2,12,0x000C,
641,SE_026_invisible,25,2,13,0x000D,
642,SE_044_appear,26,2,0,0x0000,
643,SE_044_voc_damage,26,2,2,0x0002,
644,SE_044_voc_dying,26,2,3,0x0003,
645,SE_044_move,26,2,4,0x0004,
646,SE_044_guard,26,2,5,0x0005,
647,SE_044_guard_hit,26,2,6,0x0006,
648,SE_044_attack0,26,2,7,0x0007,
649,SE_044_attack0_hit,26,2,8,0x0008,
650,SE_044_attack2_A01,26,2,9,0x0009,
651,SE_044_attack2_A01_hit,26,2,10,0x000A,
652,SE_044_attack2_A02,26,2,11,0x000B,
653,SE_044_attack2_A02_hit,26,2,12,0x000C,
654,SE_044_attack1_B,26,2,13,0x000D,
655,SE_044_attack1_B_hit,26,2,14,0x000E,
656,SE_044_attack3_C01,26,2,15,0x000F,
657,SE_044_attack3_C02,26,2,16,0x0010,
658,SE_044_attack3_C_hit,26,2,17,0x0011,
659,SE_044_attack4_D_start,26,2,18,0x0012,
660,SE_044_attack4_D_end,26,2,19,0x0013,
661,SE_044_attack4_D_hit,26,2,20,0x0014,
662,SE_044_boomerang,26,2,21,0x0015,
663,SE_B000_appear,27,2,0,0x0000,
664,SE_B000_shadow,27,2,1,0x0001,
665,SE_B000_firing_single,27,2,2,0x0002,
666,SE_B000_firing_wave,27,2,3,0x0003,
667,SE_B000_firing_machine,27,2,4,0x0004,
668,SE_B000_firing_shot,27,2,5,0x0005,
669,SE_B000_move,27,2,6,0x0006,
670,SE_B001_appear,28,2,0,0x0000,
671,SE_B001_charge01,28,2,1,0x0001,
672,SE_B001_charge02,28,2,2,0x0002,
673,SE_B001_charge03,28,2,3,0x0003,
674,SE_B001_focus,28,2,4,0x0004,
675,SE_B001_machine_gun,28,2,7,0x0007,
676,SE_B001_option01,28,2,8,0x0008,
677,SE_B001_option02,28,2,9,0x0009,
678,SE_B001_kage_machine_gun,28,2,10,0x000A,
679,SE_B001_kuukann_tenni_disappear,28,2,11,0x000B,
680,SE_B001_kuukann_tenni_appear,28,2,12,0x000C,
681,SE_B001_move,28,2,13,0x000D,
682,SE_B001_SP01,28,2,14,0x000E,
683,SE_B001_SP02,28,2,15,0x000F,
684,SE_B002_appear,29,2,0,0x0000,
685,SE_B002_blossom,29,2,1,0x0001,
686,SE_B002_fuku_machine_gun,29,2,2,0x0002,
687,SE_B002_homing,29,2,3,0x0003,
688,SE_B002_kaifuku,29,2,4,0x0004,
689,SE_B002_kage_blossom,29,2,5,0x0005,
690,SE_B002_kage_fuku_machine_gun,29,2,6,0x0006,
691,SE_B002_kage_homing,29,2,7,0x0007,
692,SE_B002_kuukann_tenni_disappear,29,2,8,0x0008,
693,SE_B002_kuukann_tenni_appear,29,2,9,0x0009,
694,SE_B002_move,29,2,10,0x000A,
695,SE_B003_appear,30,2,0,0x0000,
696,SE_B003_move,30,2,1,0x0001,
697,SE_B003_jump_attack,30,2,2,0x0002,
698,SE_B003_jump_attack_hit,30,2,3,0x0003,
699,SE_B003_kinkyori_kougeki,30,2,4,0x0004,
700,SE_B003_tobi_dougu,30,2,5,0x0005,
701,SE_B003_tsuibi_kougeki,30,2,6,0x0006,
702,SE_B003_kuukann_tenni_disappear,30,2,7,0x0007,
703,SE_B003_kuukann_tenni_appear,30,2,8,0x0008,
704,SE_B003_skate,30,2,9,0x0009,
705,SE_B004_rain,31,2,0,0x0000,
706,SE_B004_thunder01,31,2,1,0x0001,
707,SE_B004_voc_attack01,31,2,3,0x0003,
708,SE_B004_voc_attack02,31,2,4,0x0004,
709,SE_B004_voc_dying,31,2,7,0x0007,
710,SE_B004_voc_idle,31,2,8,0x0008,
711,SE_B004_voc_pre_attack,31,2,9,0x0009,
712,SE_B004_punch_ground,31,2,10,0x000A,
713,SE_B004_punch_ground_hit,31,2,11,0x000B,
714,SE_B004_punch_big,31,2,12,0x000C,
715,SE_B004_punch_big_hit,31,2,13,0x000D,
716,SE_B004_big_swish,31,2,14,0x000E,
717,SE_B004_big_swish_hit,31,2,15,0x000F,
718,SE_B004_vacuum,31,2,16,0x0010,
719,SE_B004_SPattack01,31,2,17,0x0011,
720,SE_B004_SPattack02,31,2,18,0x0012,
721,SE_B004_SPattack03,31,2,19,0x0013,
722,SE_B004_SPattack04,31,2,20,0x0014,
723,SE_B004_SPattack_hit,31,2,21,0x0015,
724,SE_B004_flash01,31,2,22,0x0016,
725,SE_B004_flash02,31,2,23,0x0017,
726,SE_B005_appear,32,2,0,0x0000,
727,SE_B005_badge_nage01,32,2,1,0x0001,
728,SE_B005_firing_split,32,2,2,0x0002,
729,SE_B005_firing_shot,32,2,3,0x0003,
730,SE_B005_firing_spiral,32,2,4,0x0004,
731,SE_B005_kuukann_tenni_disappear,32,2,7,0x0007,
732,SE_B005_kuukann_tenni_appear,32,2,8,0x0008,
733,SE_B005_tsuujyou_idou,32,2,9,0x0009,
734,SE_B005_Lion_ningen_henshin,32,1,10,0x000A,
735,SE_B005_ningen_lion_henshin,32,2,11,0x000B,
736,SE_B005_kindan_noise_bullet01,32,2,26,0x001A,
737,SE_B005_kindan_noise_bullet02,32,2,27,0x001B,
738,SE_B005_firing_rapid_slow,32,2,5,0x0005,
739,SE_B005_firing_burst,32,2,6,0x0006,
740,SE_B006_kinnkyori_kougeki_S,32,2,14,0x000E,
741,SE_B006_kinnkyori_kougeki_L,32,2,15,0x000F,
742,SE_B006_tukamikougeki_01,32,2,16,0x0010,
743,SE_B006_tukamikougeki_02,32,2,17,0x0011,
744,SE_B006_kuukann_tenni_disappear,32,2,18,0x0012,
745,SE_B006_kuukann_tenni_appear,32,2,19,0x0013,
746,SE_B007_kinnkyori_kougeki_S,32,2,23,0x0017,
747,SE_B007_kinnkyori_kougeki_L,32,2,24,0x0018,
748,SE_B007_BLion_tosshin_kougeki,32,2,25,0x0019,
749,SE_B006_appear,32,2,13,0x000D,
750,SE_B007_appear,32,2,22,0x0016,
751,SE_B006_footstep,32,2,20,0x0014,
752,SE_B006_window_noise,32,2,21,0x0015,
753,SE_B005_ningen_lion_henshin02,32,2,12,0x000C,
754,SE_B008_appear,33,2,0,0x0000,
755,SE_B008_kagebunnshinA_hassei,33,2,1,0x0001,
756,SE_B008_kagebunnshinA_tobashi,33,2,2,0x0002,
757,SE_B008_kagebunnshinB_hassei,33,2,3,0x0003,
758,SE_B008_jittaika,33,2,5,0x0005,
759,SE_B008_jittaika_modoru,33,2,6,0x0006,
760,SE_B008_kage_fumi,33,2,7,0x0007,
761,SE_B008_kage_fumare,33,2,8,0x0008,
762,SE_B008_chaos_fukiagari,33,2,9,0x0009,
763,SE_B008_chaos_S,33,1,10,0x000A,
764,SE_B008_chaos_L,33,2,11,0x000B,
765,SE_B008_kagebunnshinB_shoumetsu,33,2,4,0x0004,
766,SE_B008_genkakuhoukai,33,1,14,0x000E,
767,SE_B008_kuukann_tenni_disappear,33,2,15,0x000F,
768,SE_B008_kuukann_tenni_appear,33,2,16,0x0010,
769,SE_B008_chaos_S02,33,1,12,0x000C,
770,SE_B008_chaos_L02,33,2,13,0x000D,
771,SE_B008_badge,33,2,17,0x0011,
772,SE_B009_appear,34,2,0,0x0000,
773,SE_B009_genelator01,34,2,1,0x0001,
774,SE_B009_genelator02,34,2,2,0x0002,
775,SE_B009_hebi_dashi01,34,2,3,0x0003,
776,SE_B009_hebi_dashi02,34,2,4,0x0004,
777,SE_B009_jikan_teisi01,34,2,5,0x0005,
778,SE_B009_jikan_teisi02,34,2,6,0x0006,
779,SE_B009_wind_mill01,34,2,7,0x0007,
780,SE_B009_wind_mill02,34,2,8,0x0008,
781,SE_B009_move,34,2,9,0x0009,
782,SE_B009_shot_lazer,34,2,10,0x000A,
783,SE_B009_rootlazer01,34,2,11,0x000B,
784,SE_B009_rootlazer02,34,2,12,0x000C,
785,SE_B009_rootlazer03,34,2,13,0x000D,
786,SE_B010_atama_idou,35,2,0,0x0000,
787,SE_B010_atama_modori,35,2,1,0x0001,
788,SE_B010_shita_sashi,35,2,2,0x0002,
789,SE_B010_tama_haki,35,2,3,0x0003,
790,SE_B010_kamituki,35,2,4,0x0004,
791,SE_B010_sword_bomb01,35,2,5,0x0005,
792,SE_B010_sword_bomb02,35,2,6,0x0006,
793,SE_B010_laser,35,2,7,0x0007,
794,SE_B010_doutai,35,2,8,0x0008,
795,SE_B011_sword_bomb01,36,2,0,0x0000,
796,SE_B011_sword_bomb02,36,2,1,0x0001,
797,SE_B011_sword_bomb03,36,2,2,0x0002,
798,SE_B011_sword_bomb04,36,2,3,0x0003,
799,SE_B011_sword_bomb05,36,2,4,0x0004,
800,SE_B011_tama_haki,36,2,6,0x0006,
801,SE_B011_laser,36,2,7,0x0007,
802,SE_B011_kousoku_dan01,36,2,8,0x0008,
803,SE_B011_kousoku_dan02,36,2,9,0x0009,
804,SE_B011_kousoku_dan03,36,2,10,0x000A,
805,SE_B011_koukyuu_okuri,36,2,11,0x000B,
806,SE_B011_kamituki,36,2,12,0x000C,
807,SE_B011_dying_badge01,36,1,13,0x000D,
808,SE_B011_dying_badge02,36,1,14,0x000E,
809,SE_B011_dying_badge03,36,1,15,0x000F,
810,SE_B011_dying_badge04,36,1,16,0x0010,
811,SE_B011_koukyuu_kyuushuu01,36,1,18,0x0012,
812,SE_B011_koukyuu_kyuushuu02,36,1,19,0x0013,
813,SE_baybadge_arrow,38,2,0,0x0000,
814,SE_baybadge_move,38,2,1,0x0001,
815,SE_baybadge_hit,38,2,3,0x0003,
816,SE_baybadge_piyori,38,2,4,0x0004,
817,SE_baybadge_meteor01,38,2,5,0x0005,
818,SE_baybadge_meteor02,38,2,6,0x0006,
819,SE_baybadge_meteor_hit,38,2,8,0x0008,
820,SE_baybadge_needle01,38,2,9,0x0009,
821,SE_baybadge_needle02,38,2,10,0x000A,
822,SE_baybadge_needle03,38,2,11,0x000B,
823,SE_baybadge_needle_hit,38,2,12,0x000C,
824,SE_baybadge_hummer01,38,2,13,0x000D,
825,SE_baybadge_hummer02,38,2,14,0x000E,
826,SE_baybadge_hummer03,38,2,15,0x000F,
827,SE_baybadge_hummer_hit,38,2,16,0x0010,
828,SE_baybadge_disappear,38,2,18,0x0012,
829,SE_baybadge_piyori_hit,38,2,19,0x0013,
830,SE_baybadge_countdown,38,1,20,0x0014,
831,SE_baybadge_alive,38,2,21,0x0015,
832,SE_baybadge_Bpget,38,2,22,0x0016,
833,SE_baybadge_meteor_ground,38,2,23,0x0017,
834,SE_baybadge_turn01,38,2,25,0x0019,
835,SE_baybadge_warp,38,2,27,0x001B,
836,SE_baybadge_jump,38,2,28,0x001C,
837,SE_baybadge_accel,38,2,29,0x001D,
838,SE_baybadge_menu_cursor,38,1,31,0x001F,
839,SE_baybadge_menu_execute,38,1,32,0x0020,
840,SE_baybadge_menu_cancel,38,1,33,0x0021,
841,SE_baybadge_start01,38,1,34,0x0022,
842,SE_baybadge_start02,38,1,35,0x0023,
843,SE_baybadge_finish01,38,1,36,0x0024,
844,SE_baybadge_finish02,38,1,37,0x0025,
845,SE_baybadge_move_tame,38,2,2,0x0002,
846,SE_baybadge_turn02,38,2,26,0x001A,
847,neku_btl_op01,-1,6,6,0x0006,
848,neku_btl_op03,-1,6,7,0x0007,
849,neku_btl_op_danger01,-1,6,8,0x0008,
850,neku_btl_atc01,-1,6,9,0x0009,
851,neku_btl_atc02,-1,6,10,0x000A,
852,neku_btl_atc03,-1,6,11,0x000B,
853,neku_btl_atc04,-1,6,12,0x000C,
854,neku_btl_atc05,-1,6,13,0x000D,
855,neku_btl_atc06,-1,6,14,0x000E,
856,neku_btl_atc07,-1,6,15,0x000F,
857,neku_btl_atc08,-1,6,16,0x0010,
858,neku_btl_fb01,-1,6,17,0x0011,
859,neku_btl_fb02,-1,6,18,0x0012,
860,neku_btl_fb03,-1,6,19,0x0013,
861,neku_btl_fb04,-1,6,20,0x0014,
862,neku_btl_fb05,-1,6,21,0x0015,
863,neku_btl_fb06,-1,6,22,0x0016,
864,neku_btl_fb07,-1,6,23,0x0017,
865,neku_btl_fb08,-1,6,24,0x0018,
866,neku_btl_fb09,-1,6,25,0x0019,
867,neku_btl_fb_tame01,-1,6,26,0x001A,
868,neku_btl_counter01,-1,6,27,0x001B,
869,neku_btl_cat01,-1,6,28,0x001C,
870,neku_btl_cat02,-1,6,29,0x001D,
871,neku_btl_prs01,-1,6,30,0x001E,
872,neku_btl_prs02,-1,6,31,0x001F,
873,neku_btl_kizukai01,-1,6,32,0x0020,
874,neku_btl_dmg01,-1,6,33,0x0021,
875,neku_btl_dmg02,-1,6,34,0x0022,
876,neku_btl_dmg03,-1,6,35,0x0023,
877,neku_btl_dmg_L01,-1,6,36,0x0024,
878,neku_btl_dmg_L02,-1,6,37,0x0025,
879,neku_btl_pnc01,-1,6,38,0x0026,
880,neku_btl_ovr01,-1,6,39,0x0027,
881,neku_btl_ovr02,-1,6,40,0x0028,
882,neku_btl_win01,-1,6,50,0x0032,
883,neku_btl_win02,-1,6,51,0x0033,
884,neku_btl_win03,-1,6,52,0x0034,
885,neku_btl_win04,-1,6,53,0x0035,
886,neku_btl_rizalt01,-1,6,54,0x0036,
887,neku_btl_rizalt02,-1,6,55,0x0037,
888,shiki_btl_op01,-1,6,78,0x004E,
889,shiki_btl_op03,-1,6,79,0x004F,
890,shiki_btl_op_danger01,-1,6,80,0x0050,
891,shiki_btl_atc01,-1,6,81,0x0051,
892,shiki_btl_atc02,-1,6,82,0x0052,
893,shiki_btl_atc03,-1,6,83,0x0053,
894,shiki_btl_atc04,-1,6,84,0x0054,
895,shiki_btl_atc05,-1,6,85,0x0055,
896,shiki_btl_atc06,-1,6,86,0x0056,
897,shiki_btl_atc07,-1,6,87,0x0057,
898,shiki_btl_atc08,-1,6,88,0x0058,
899,shiki_btl_fb01,-1,6,89,0x0059,
900,shiki_btl_fb02,-1,6,90,0x005A,
901,shiki_btl_fb03,-1,6,91,0x005B,
902,shiki_btl_fb04,-1,6,92,0x005C,
903,shiki_btl_fb05,-1,6,93,0x005D,
904,shiki_btl_fb06,-1,6,94,0x005E,
905,shiki_btl_fb07,-1,6,95,0x005F,
906,shiki_btl_fb08,-1,6,96,0x0060,
907,shiki_btl_fb09,-1,6,97,0x0061,
908,shiki_btl_counter01,-1,6,98,0x0062,
909,shiki_btl_cat01,-1,6,99,0x0063,
910,shiki_btl_cat02,-1,6,100,0x0064,
911,shiki_btl_prs01,-1,6,101,0x0065,
912,shiki_btl_prs02,-1,6,102,0x0066,
913,shiki_btl_kizukai01,-1,6,103,0x0067,
914,shiki_btl_dmg01,-1,6,104,0x0068,
915,shiki_btl_dmg02,-1,6,105,0x0069,
916,shiki_btl_dmg03,-1,6,106,0x006A,
917,shiki_btl_dmg_L01,-1,6,107,0x006B,
918,shiki_btl_dmg_L02,-1,6,108,0x006C,
919,shiki_btl_pnc01,-1,6,109,0x006D,
920,shiki_btl_ovr01,-1,6,110,0x006E,
921,shiki_btl_ovr02,-1,6,111,0x006F,
922,shiki_btl_win01,-1,6,115,0x0073,
923,shiki_btl_win02,-1,6,116,0x0074,
924,shiki_btl_win03,-1,6,117,0x0075,
925,shiki_btl_win04,-1,6,118,0x0076,
926,shiki_btl_rizalt01,-1,6,119,0x0077,
927,shiki_btl_rizalt02,-1,6,120,0x0078,
928,yoshua_btl_op01,-1,6,144,0x0090,
929,yoshua_btl_op03,-1,6,145,0x0091,
930,yoshua_btl_op_danger01,-1,6,146,0x0092,
931,yoshua_btl_atc01,-1,6,147,0x0093,
932,yoshua_btl_atc02,-1,6,148,0x0094,
933,yoshua_btl_atc03,-1,6,149,0x0095,
934,yoshua_btl_atc04,-1,6,150,0x0096,
935,yoshua_btl_atc05,-1,6,151,0x0097,
936,yoshua_btl_atc06,-1,6,152,0x0098,
937,yoshua_btl_atc07,-1,6,153,0x0099,
938,yoshua_btl_atc08,-1,6,154,0x009A,
939,yoshua_btl_fb01,-1,6,155,0x009B,
940,yoshua_btl_fb02,-1,6,156,0x009C,
941,yoshua_btl_fb03,-1,6,157,0x009D,
942,yoshua_btl_fb04,-1,6,158,0x009E,
943,yoshua_btl_fb05,-1,6,159,0x009F,
944,yoshua_btl_fb06,-1,6,160,0x00A0,
945,yoshua_btl_fb07,-1,6,161,0x00A1,
946,yoshua_btl_fb08,-1,6,162,0x00A2,
947,yoshua_btl_fb09,-1,6,163,0x00A3,
948,yoshua_btl_counter01,-1,6,164,0x00A4,
949,yoshua_btl_cat01,-1,6,165,0x00A5,
950,yoshua_btl_cat02,-1,6,166,0x00A6,
951,yoshua_btl_prs01,-1,6,167,0x00A7,
952,yoshua_btl_prs02,-1,6,168,0x00A8,
953,yoshua_btl_kizukai01,-1,6,169,0x00A9,
954,yoshua_btl_dmg01,-1,6,170,0x00AA,
955,yoshua_btl_dmg02,-1,6,171,0x00AB,
956,yoshua_btl_dmg03,-1,6,172,0x00AC,
957,yoshua_btl_dmg_L01,-1,6,173,0x00AD,
958,yoshua_btl_dmg_L02,-1,6,174,0x00AE,
959,yoshua_btl_pnc01,-1,6,175,0x00AF,
960,yoshua_btl_ovr01,-1,6,176,0x00B0,
961,yoshua_btl_ovr02,-1,6,177,0x00B1,
962,yoshua_btl_win01,-1,6,181,0x00B5,
963,yoshua_btl_win02,-1,6,182,0x00B6,
964,yoshua_btl_win03,-1,6,183,0x00B7,
965,yoshua_btl_win04,-1,6,184,0x00B8,
966,yoshua_btl_rizalt01,-1,6,185,0x00B9,
967,yoshua_btl_rizalt02,-1,6,186,0x00BA,
968,biito_btl_op01,-1,6,206,0x00CE,
969,biito_btl_op03,-1,6,207,0x00CF,
970,biito_btl_op_danger01,-1,6,208,0x00D0,
971,biito_btl_atc01,-1,6,209,0x00D1,
972,biito_btl_atc02,-1,6,210,0x00D2,
973,biito_btl_atc03,-1,6,211,0x00D3,
974,biito_btl_atc04,-1,6,212,0x00D4,
975,biito_btl_atc05,-1,6,213,0x00D5,
976,biito_btl_atc06,-1,6,214,0x00D6,
977,biito_btl_atc07,-1,6,215,0x00D7,
978,biito_btl_atc08,-1,6,216,0x00D8,
979,biito_btl_fb01,-1,6,217,0x00D9,
980,biito_btl_fb02,-1,6,218,0x00DA,
981,biito_btl_fb03,-1,6,219,0x00DB,
982,biito_btl_fb04,-1,6,220,0x00DC,
983,biito_btl_fb05,-1,6,221,0x00DD,
984,biito_btl_fb06,-1,6,222,0x00DE,
985,biito_btl_fb07,-1,6,223,0x00DF,
986,biito_btl_fb08,-1,6,224,0x00E0,
987,biito_btl_fb09,-1,6,225,0x00E1,
988,biito_btl_counter01,-1,6,226,0x00E2,
989,biito_btl_cat01,-1,6,227,0x00E3,
990,biito_btl_cat02,-1,6,228,0x00E4,
991,biito_btl_prs01,-1,6,229,0x00E5,
992,biito_btl_prs02,-1,6,230,0x00E6,
993,biito_btl_kizukai01,-1,6,231,0x00E7,
994,biito_btl_dmg01,-1,6,232,0x00E8,
995,biito_btl_dmg02,-1,6,233,0x00E9,
996,biito_btl_dmg03,-1,6,234,0x00EA,
997,biito_btl_dmg_L01,-1,6,235,0x00EB,
998,biito_btl_dmg_L02,-1,6,236,0x00EC,
999,biito_btl_pnc01,-1,6,237,0x00ED,
1000,biito_btl_ovr01,-1,6,238,0x00EE,
1001,biito_btl_ovr02,-1,6,239,0x00EF,
1002,biito_btl_win01,-1,6,243,0x00F3,
1003,biito_btl_win02,-1,6,244,0x00F4,
1004,biito_btl_win03,-1,6,245,0x00F5,
1005,biito_btl_win04,-1,6,246,0x00F6,
1006,biito_btl_rizalt01,-1,6,247,0x00F7,
1007,biito_btl_rizalt02,-1,6,248,0x00F8,
1008,shiki_btl_spc_01,-1,6,112,0x0070,
1009,neku_btl_spc_shiki01,-1,6,41,0x0029,
1010,shiki_btl_spc_02,-1,6,113,0x0071,
1011,neku_btl_spc_shiki02,-1,6,42,0x002A,
1012,shiki_btl_spc_03,-1,6,114,0x0072,
1013,neku_btl_spc_shiki03,-1,6,43,0x002B,
1014,yoshua_btl_spc_01,-1,6,178,0x00B2,
1015,neku_btl_spc_yoshua01,-1,6,44,0x002C,
1016,yoshua_btl_spc_02,-1,6,179,0x00B3,
1017,neku_btl_spc_yoshua02,-1,6,45,0x002D,
1018,neku_btl_spc_yoshua03,-1,6,46,0x002E,
1019,yoshua_btl_spc_03,-1,6,180,0x00B4,
1020,biito_btl_spc_01,-1,6,240,0x00F0,
1021,neku_btl_spc_biito01,-1,6,47,0x002F,
1022,biito_btl_spc_02,-1,6,241,0x00F1,
1023,neku_btl_spc_biito02,-1,6,48,0x0030,
1024,neku_btl_spc_biito03,-1,6,49,0x0031,
1025,biito_btl_spc_03,-1,6,242,0x00F2,
1026,neku_fld_01,-1,6,56,0x0038,
1027,neku_fld_02,-1,6,57,0x0039,
1028,neku_fld_partner01,-1,6,58,0x003A,
1029,neku_fld_partner02,-1,6,59,0x003B,
1030,shiki_fld_partner01,-1,6,124,0x007C,
1031,shiki_fld_partner02,-1,6,125,0x007D,
1032,yoshua_fld_partner01,-1,6,187,0x00BB,
1033,yoshua_fld_partner02,-1,6,188,0x00BC,
1034,biito_fld_partner01,-1,6,249,0x00F9,
1035,biito_fld_partner02,-1,6,250,0x00FA,
1036,neku_fld_goot_L01,-1,6,60,0x003C,
1037,neku_fld_goot_S01,-1,6,61,0x003D,
1038,neku_fld_average01,-1,6,62,0x003E,
1039,neku_fld_notgoot_S01,-1,6,63,0x003F,
1040,neku_fld_notgoot_L01,-1,6,64,0x0040,
1041,shiki_fld_goot_L01,-1,6,126,0x007E,
1042,shiki_fld_goot_S01,-1,6,127,0x007F,
1043,shiki_fld_average01,-1,6,128,0x0080,
1044,shiki_fld_notgoot_S01,-1,6,129,0x0081,
1045,shiki_fld_notgoot_L01,-1,6,130,0x0082,
1046,yoshua_fld_goot_L01,-1,6,189,0x00BD,
1047,yoshua_fld_goot_S01,-1,6,190,0x00BE,
1048,yoshua_fld_average01,-1,6,191,0x00BF,
1049,yoshua_fld_notgoot_S01,-1,6,192,0x00C0,
1050,yoshua_fld_notgoot_L01,-1,6,193,0x00C1,
1051,biito_fld_goot_L01,-1,6,251,0x00FB,
1052,biito_fld_goot_S01,-1,6,252,0x00FC,
1053,biito_fld_average01,-1,6,253,0x00FD,
1054,biito_fld_notgoot_S01,-1,6,254,0x00FE,
1055,biito_fld_notgoot_L01,-1,6,255,0x00FF,
1056,EV_strmse_cheer,-1,6,0,0x0000,
1057,EV_strmse_wolf_roar,-1,6,1,0x0001,
1058,EV_strmse_ramen,-1,6,2,0x0002,
1059,EV_strmse_girls,-1,6,3,0x0003,
1060,EV_strmse_badge_throw,-1,6,4,0x0004,
1061,EV_strmse_badge_break,-1,6,5,0x0005,
1062,M_koukyu01,-1,6,566,0x0236,
1063,M_koukyu02,-1,6,567,0x0237,
1064,M_koukyu03,-1,6,568,0x0238,
1065,M_koukyu04,-1,6,569,0x0239,
1066,M_shomin01,-1,6,570,0x023A,
1067,M_shomin02,-1,6,571,0x023B,
1068,M_shomin03,-1,6,572,0x023C,
1069,M_shomin04,-1,6,573,0x023D,
1070,M_kawarimono01,-1,6,574,0x023E,
1071,M_kawarimono02,-1,6,575,0x023F,
1072,M_kawarimono03,-1,6,576,0x0240,
1073,M_kawarimono04,-1,6,577,0x0241,
1074,M_fastfood01,-1,6,578,0x0242,
1075,M_fastfood02,-1,6,579,0x0243,
1076,M_fastfood03,-1,6,580,0x0244,
1077,M_fastfood04,-1,6,581,0x0245,
1078,M_saru01_01,-1,6,582,0x0246,
1079,M_saru01_02,-1,6,583,0x0247,
1080,M_saru01_03,-1,6,584,0x0248,
1081,M_saru02,-1,6,585,0x0249,
1082,M_saru03,-1,6,586,0x024A,
1083,M_saru04,-1,6,587,0x024B,
1084,M_roujin01,-1,6,588,0x024C,
1085,M_roujin02,-1,6,589,0x024D,
1086,M_roujin03,-1,6,590,0x024E,
1087,M_roujin04,-1,6,591,0x024F,
1088,W_koukyu01,-1,6,592,0x0250,
1089,W_koukyu02,-1,6,593,0x0251,
1090,W_koukyu03,-1,6,594,0x0252,
1091,W_koukyu04,-1,6,595,0x0253,
1092,W_shomin01,-1,6,596,0x0254,
1093,W_shomin02,-1,6,597,0x0255,
1094,W_shomin03,-1,6,598,0x0256,
1095,W_shomin04,-1,6,599,0x0257,
1096,W_gal01,-1,6,600,0x0258,
1097,W_gal02,-1,6,601,0x0259,
1098,W_gal03,-1,6,602,0x025A,
1099,W_gal04,-1,6,603,0x025B,
1100,W_fastfood01,-1,6,604,0x025C,
1101,W_fastfood02,-1,6,605,0x025D,
1102,W_fastfood03,-1,6,606,0x025E,
1103,W_fastfood04,-1,6,607,0x025F,
1104,shopM_ramen01,-1,6,608,0x0260,
1105,shopM_ramen02,-1,6,609,0x0261,
1106,shopM_ramen03,-1,6,610,0x0262,
1107,shopM_ramen04,-1,6,611,0x0263,
1108,neku_event_odorokiS01,-1,6,65,0x0041,
1109,neku_event_odorokiL01,-1,6,66,0x0042,
1110,neku_event_odorokiL02,-1,6,67,0x0043,
1111,neku_event_yorokobiS01,-1,6,68,0x0044,
1112,neku_event_yorokobiL01,-1,6,69,0x0045,
1113,neku_event_ikariL01,-1,6,70,0x0046,
1114,neku_event_ikariL02,-1,6,71,0x0047,
1115,neku_event_odoroki01,-1,6,72,0x0048,
1116,neku_event_kumon01,-1,6,73,0x0049,
1117,neku_event_akire01,-1,6,74,0x004A,
1118,neku_event_neoki01,-1,6,75,0x004B,
1119,neku_event_question01,-1,6,76,0x004C,
1120,neku_event_question02,-1,6,77,0x004D,
1121,shiki_event_odorokiS01,-1,6,131,0x0083,
1122,shiki_event_odorokiS02,-1,6,132,0x0084,
1123,shiki_event_odorokiL01,-1,6,133,0x0085,
1124,shiki_event_odorokiL02,-1,6,134,0x0086,
1125,shiki_event_yorokobiS01,-1,6,135,0x0087,
1126,shiki_event_yorokobiL01,-1,6,136,0x0088,
1127,shiki_event_ikariL01,-1,6,137,0x0089,
1128,shiki_event_ikariL02,-1,6,138,0x008A,
1129,shiki_event_odoroki01,-1,6,139,0x008B,
1130,shiki_event_kumon01,-1,6,140,0x008C,
1131,shiki_event_akire01,-1,6,141,0x008D,
1132,shiki_event_question01,-1,6,142,0x008E,
1133,shiki_event_question02,-1,6,143,0x008F,
1134,yoshua_event_odorokiS01,-1,6,194,0x00C2,
1135,yoshua_event_odorokiL01,-1,6,195,0x00C3,
1136,yoshua_event_odorokiL02,-1,6,196,0x00C4,
1137,yoshua_event_yorokobiS01,-1,6,197,0x00C5,
1138,yoshua_event_yorokobiL01,-1,6,198,0x00C6,
1139,yoshua_event_ikariL01,-1,6,199,0x00C7,
1140,yoshua_event_ikariL02,-1,6,200,0x00C8,
1141,yoshua_event_odoroki01,-1,6,201,0x00C9,
1142,yoshua_event_kumon01,-1,6,202,0x00CA,
1143,yoshua_event_akire01,-1,6,203,0x00CB,
1144,yoshua_event_question01,-1,6,204,0x00CC,
1145,yoshua_event_question02,-1,6,205,0x00CD,
1146,biito_event_odorokiS01,-1,6,256,0x0100,
1147,biito_event_odorokiL01,-1,6,257,0x0101,
1148,biito_event_odorokiL02,-1,6,258,0x0102,
1149,biito_event_yorokobiS01,-1,6,259,0x0103,
1150,biito_event_yorokobiL01,-1,6,260,0x0104,
1151,biito_event_ikariL01,-1,6,261,0x0105,
1152,biito_event_ikariL02,-1,6,262,0x0106,
1153,biito_event_odoroki01,-1,6,263,0x0107,
1154,biito_event_kumon01,-1,6,264,0x0108,
1155,biito_event_akire01,-1,6,265,0x0109,
1156,biito_event_question01,-1,6,266,0x010A,
1157,biito_event_question02,-1,6,267,0x010B,
1158,ryme_event_odorokiS01,-1,6,268,0x010C,
1159,ryme_event_yorokobiS01,-1,6,269,0x010D,
1160,ryme_event_yorokobiM01,-1,6,270,0x010E,
1161,ryme_event_yorokobiL01,-1,6,271,0x010F,
1162,ryme_event_akire01,-1,6,272,0x0110,
1163,ryme_event_question01,-1,6,273,0x0111,
1164,kariya_event_odorokiS01,-1,6,300,0x012C,
1165,kariya_event_yorokobiS01,-1,6,301,0x012D,
1166,kariya_event_yorokobiM01,-1,6,302,0x012E,
1167,kariya_event_yorokobiL01,-1,6,303,0x012F,
1168,kariya_event_ikariL01,-1,6,304,0x0130,
1169,kariya_event_ikariL02,-1,6,305,0x0131,
1170,kariya_event_meirei,-1,6,306,0x0132,
1171,kariya_event_akire01,-1,6,307,0x0133,
1172,kariya_event_question01,-1,6,308,0x0134,
1173,yashiro_event_odorokiS01,-1,6,349,0x015D,
1174,yashiro_event_yorokobiS01,-1,6,350,0x015E,
1175,yashiro_event_yorokobiM01,-1,6,351,0x015F,
1176,yashiro_event_yorokobiL01,-1,6,352,0x0160,
1177,yashiro_event_ikariL01,-1,6,353,0x0161,
1178,yashiro_event_ikariL02,-1,6,354,0x0162,
1179,yashiro_event_meirei,-1,6,355,0x0163,
1180,yashiro_event_akire01,-1,6,356,0x0164,
1181,yashiro_event_question01,-1,6,357,0x0165,
1182,higashi_n_event_odorokiS01,-1,6,397,0x018D,
1183,higashi_n_event_yorokobiS01,-1,6,398,0x018E,
1184,higashi_n_event_yorokobiM01,-1,6,399,0x018F,
1185,higashi_n_event_yorokobiL01,-1,6,400,0x0190,
1186,higashi_n_event_ikariL01,-1,6,401,0x0191,
1187,higashi_n_event_ikariL02,-1,6,402,0x0192,
1188,higashi_n_event_meirei,-1,6,403,0x0193,
1189,higashi_n_event_akire01,-1,6,404,0x0194,
1190,higashi_n_event_question01,-1,6,405,0x0195,
1191,kita_event_odorokiS01,-1,6,436,0x01B4,
1192,kita_event_yorokobiS01,-1,6,437,0x01B5,
1193,kita_event_yorokobiM01,-1,6,438,0x01B6,
1194,kita_event_yorokobiL01,-1,6,439,0x01B7,
1195,kita_event_ikariL01,-1,6,440,0x01B8,
1196,kita_event_ikariL02,-1,6,441,0x01B9,
1197,kita_event_akire01,-1,6,442,0x01BA,
1198,kita_event_question01,-1,6,443,0x01BB,
1199,hanekoma_n_event_odorokiS01,-1,6,467,0x01D3,
1200,hanekoma_n_event_yorokobiS01,-1,6,468,0x01D4,
1201,hanekoma_n_event_yorokobiM01,-1,6,469,0x01D5,
1202,hanekoma_n_event_yorokobiL01,-1,6,470,0x01D6,
1203,hanekoma_n_event_ikariL01,-1,6,471,0x01D7,
1204,hanekoma_n_event_ikariL02,-1,6,472,0x01D8,
1205,hanekoma_n_event_akire01,-1,6,473,0x01D9,
1206,hanekoma_n_event_question01,-1,6,474,0x01DA,
1207,konishi_n_event_odorokiS01,-1,6,500,0x01F4,
1208,konishi_n_event_yorokobiS01,-1,6,501,0x01F5,
1209,konishi_n_event_yorokobiM01,-1,6,502,0x01F6,
1210,konishi_n_event_yorokobiL01,-1,6,503,0x01F7,
1211,konishi_n_event_ikariL01,-1,6,504,0x01F8,
1212,konishi_n_event_ikariL02,-1,6,505,0x01F9,
1213,konishi_n_event_meirei,-1,6,506,0x01FA,
1214,konishi_n_event_akire01,-1,6,507,0x01FB,
1215,konishi_n_event_question01,-1,6,508,0x01FC,
1216,minami_event_odorokiS01,-1,6,535,0x0217,
1217,minami_event_yorokobiS01,-1,6,536,0x0218,
1218,minami_event_yorokobiM01,-1,6,537,0x0219,
1219,minami_event_yorokobiL01,-1,6,538,0x021A,
1220,minami_event_ikariL01,-1,6,539,0x021B,
1221,minami_event_ikariL02,-1,6,540,0x021C,
1222,minami_event_meirei,-1,6,541,0x021D,
1223,minami_event_akire01,-1,6,542,0x021E,
1224,minami_event_question01,-1,6,543,0x021F,
1225,kita_btl_atcS01,-1,6,414,0x019E,
1226,kita_btl_atcM03,-1,6,420,0x01A4,
1227,kita_btl_atcM02,-1,6,419,0x01A3,
1228,kita_btl_fb06,-1,6,426,0x01AA,
1229,kita_btl_fb07,-1,6,427,0x01AB,
1230,kita_btl_dmg01,-1,6,428,0x01AC,
1231,kita_btl_dmg02,-1,6,429,0x01AD,
1232,kita_btl_dmg_L01,-1,6,431,0x01AF,
1233,kita_btl_dmg_L02,-1,6,432,0x01B0,
1234,kita_btl_pnc01,-1,6,433,0x01B1,
1235,kita_btl_win01,-1,6,434,0x01B2,
1236,kita_btl_ovr01,-1,6,435,0x01B3,
1237,kita_n_btl_atcS01,-1,6,444,0x01BC,
1238,kita_n_btl_atcS02,-1,6,445,0x01BD,
1239,kita_n_btl_atcS03,-1,6,446,0x01BE,
1240,kita_n_btl_fb05,-1,6,447,0x01BF,
1241,kita_n_btl_win01,-1,6,450,0x01C2,
1242,kita_n_btl_ovr01,-1,6,451,0x01C3,
1243,kita_n_btl_fb06,-1,6,448,0x01C0,
1244,kita_n_btl_pnc01,-1,6,449,0x01C1,
1245,konishi_n_btl_atcM04,-1,6,482,0x01E2,
1246,konishi_n_btl_fb01,-1,6,483,0x01E3,
1247,konishi_n_btl_atcM03,-1,6,481,0x01E1,
1248,konishi_n_btl_dmg01,-1,6,490,0x01EA,
1249,konishi_n_btl_dmg_L01,-1,6,493,0x01ED,
1250,konishi_n_btl_dmg02,-1,6,491,0x01EB,
1251,konishi_n_btl_pnc01,-1,6,495,0x01EF,
1252,konishi_n_btl_win01,-1,6,496,0x01F0,
1253,konishi_n_btl_other01,-1,6,498,0x01F2,
1254,konishi_n_btl_fb06,-1,6,488,0x01E8,
1255,konishi_n_btl_dmg03,-1,6,492,0x01EC,
1256,konishi_n_btl_fb05,-1,6,487,0x01E7,
1257,konishi_n_btl_fb07,-1,6,489,0x01E9,
1258,konishi_n_btl_dmg_L02,-1,6,494,0x01EE,
1259,konishi_n_btl_other02,-1,6,499,0x01F3,
1260,minami_btl_atcM04,-1,6,516,0x0204,
1261,minami_btl_fb05,-1,6,0,0x0000,pointer: data_ov038_020906ff
1262,minami_btl_fb07,-1,6,0,0x0000,pointer: data_ov038_020b06ff
1263,minami_btl_dmg01,-1,6,524,0x020C,
1264,minami_btl_dmg02,-1,6,525,0x020D,
1265,minami_btl_pnc01,-1,6,0,0x0000,"pointer: data_ov032_021106ff ; data_ov033_021106ff, data_ov034_021106ff, data_ov035_021106ff"
1266,minami_btl_win01,-1,6,0,0x0000,"pointer: data_ov032_021206ff ; data_ov033_021206ff, data_ov035_021206ff"
1267,minami_btl_ovr01,-1,6,531,0x0213,
1268,minami_btl_fb04,-1,6,0,0x0000,pointer: data_020806ff
1269,minami_btl_atcM02,-1,6,514,0x0202,
1270,minami_btl_atcS03,-1,6,511,0x01FF,
1271,minami_btl_other01,-1,6,532,0x0214,
1272,minami_btl_other02,-1,6,533,0x0215,
1273,minami_btl_fb03,-1,6,519,0x0207,
1274,minami_btl_fb06,-1,6,0,0x0000,pointer: data_ov038_020a06ff ; data_ov040_020a06ff
1275,minami_btl_fb01,-1,6,517,0x0205,
1276,minami_h_btl_atcS03,-1,6,546,0x0222,
1277,minami_h_btl_atcS01,-1,6,544,0x0220,
1278,minami_h_btl_atcS02,-1,6,545,0x0221,
1279,minami_h_btl_fb07,-1,6,548,0x0224,
1280,minami_h_btl_win01,-1,6,549,0x0225,
1281,minami_h_btl_ovr01,-1,6,550,0x0226,
1282,minami_h_btl_fb06,-1,6,547,0x0223,
1283,minami_n_btl_atcS02,-1,6,552,0x0228,
1284,minami_n_btl_atcS03,-1,6,553,0x0229,
1285,minami_n_btl_fb06,-1,6,561,0x0231,
1286,minami_n_btl_fb04,-1,6,559,0x022F,
1287,minami_n_btl_fb05,-1,6,560,0x0230,
1288,minami_n_btl_dmg01,-1,6,562,0x0232,
1289,minami_n_btl_dmg02,-1,6,563,0x0233,
1290,minami_n_btl_ovr01,-1,6,565,0x0235,
1291,minami_n_btl_atcM03,-1,6,557,0x022D,
1292,minami_n_btl_atcM04,-1,6,558,0x022E,
1293,higashi_n_btl_fb05,-1,6,384,0x0180,
1294,higashi_n_btl_atcM03,-1,6,378,0x017A,
1295,higashi_n_btl_atcM04,-1,6,379,0x017B,
1296,higashi_n_btl_fb04,-1,6,383,0x017F,
1297,higashi_n_btl_fb03,-1,6,382,0x017E,
1298,higashi_n_btl_fb06,-1,6,385,0x0181,
1299,higashi_n_btl_pnc01,-1,6,392,0x0188,
1300,higashi_n_btl_win01,-1,6,393,0x0189,
1301,higashi_n_btl_ovr02,-1,6,395,0x018B,
1302,higashi_n_btl_fb07,-1,6,386,0x0182,
1303,higashi_n_btl_other03,-1,6,396,0x018C,
1304,kariya_btl_fb01,-1,6,282,0x011A,
1305,kariya_btl_fb05,-1,6,286,0x011E,
1306,kariya_btl_fb02,-1,6,283,0x011B,
1307,kariya_btl_atcM04,-1,6,281,0x0119,
1308,kariya_btl_fb04,-1,6,285,0x011D,
1309,kariya_btl_fb06,-1,6,287,0x011F,
1310,kariya_btl_fb07,-1,6,288,0x0120,
1311,kariya_btl_dmg01,-1,6,289,0x0121,
1312,kariya_btl_dmg02,-1,6,290,0x0122,
1313,kariya_btl_dmg_L01,-1,6,292,0x0124,
1314,kariya_btl_pnc01,-1,6,294,0x0126,
1315,kariya_btl_win01,-1,6,295,0x0127,
1316,kariya_btl_ovr01,-1,6,296,0x0128,
1317,kariya_btl_other01,-1,6,297,0x0129,
1318,kariya_btl_other02,-1,6,298,0x012A,
1319,kariya_btl_other03,-1,6,299,0x012B,
1320,kariya_b_btl_atcS01,-1,6,309,0x0135,
1321,kariya_b_btl_atcS02,-1,6,310,0x0136,
1322,kariya_b_btl_atcS03,-1,6,311,0x0137,
1323,kariya_b_btl_atcS04,-1,6,312,0x0138,
1324,kariya_b_btl_atcM04,-1,6,316,0x013C,
1325,kariya_b_btl_dmg01,-1,6,317,0x013D,
1326,kariya_b_btl_dmg02,-1,6,318,0x013E,
1327,kariya_b_btl_dmg03,-1,6,319,0x013F,
1328,kariya_b_btl_ovr01,-1,6,322,0x0142,
1329,yashiro_btl_fb01,-1,6,331,0x014B,
1330,yashiro_btl_fb05,-1,6,335,0x014F,
1331,yashiro_btl_atcM04,-1,6,330,0x014A,
1332,yashiro_btl_atcM03,-1,6,329,0x0149,
1333,yashiro_btl_fb06,-1,6,336,0x0150,
1334,yashiro_btl_fb07,-1,6,337,0x0151,
1335,yashiro_btl_dmg01,-1,6,338,0x0152,
1336,yashiro_btl_dmg02,-1,6,339,0x0153,
1337,yashiro_btl_dmg_L02,-1,6,342,0x0156,
1338,yashiro_btl_pnc01,-1,6,343,0x0157,
1339,yashiro_btl_win01,-1,6,344,0x0158,
1340,yashiro_btl_ovr01,-1,6,345,0x0159,
1341,yashiro_btl_other01,-1,6,346,0x015A,
1342,yashiro_btl_other02,-1,6,347,0x015B,
1343,yashiro_btl_fb04,-1,6,334,0x014E,
1344,yashiro_btl_other03,-1,6,348,0x015C,
1345,yashiro_b_btl_atcS02,-1,6,359,0x0167,
1346,yashiro_b_btl_atcS04,-1,6,361,0x0169,
1347,yashiro_b_btl_atcS03,-1,6,360,0x0168,
1348,yashiro_b_btl_atcM04,-1,6,365,0x016D,
1349,yashiro_b_btl_dmg01,-1,6,366,0x016E,
1350,yashiro_b_btl_dmg02,-1,6,367,0x016F,
1351,yashiro_b_btl_dmg_L02,-1,6,370,0x0172,
1352,yashiro_b_btl_ovr01,-1,6,371,0x0173,
1353,h_shini_btl_atcS01,-1,6,406,0x0196,
1354,h_shini_btl_atcS02,-1,6,407,0x0197,
1355,h_shini_btl_atcM02,-1,6,408,0x0198,
1356,h_shini_btl_dmg01,-1,6,410,0x019A,
1357,h_shini_btl_dmg02,-1,6,411,0x019B,
1358,h_shini_btl_dmg_L01,-1,6,412,0x019C,
1359,h_shini_btl_dmg_L02,-1,6,413,0x019D,
1360,hanekoma_n_btl_atcM01,-1,6,456,0x01C8,
1361,hanekoma_n_btl_atcM04,-1,6,459,0x01CB,
1362,hanekoma_n_btl_dmg01,-1,6,464,0x01D0,
1363,hanekoma_n_btl_dmg03,-1,6,466,0x01D2,
1364,hanekoma_n_btl_atcS01,-1,6,452,0x01C4,
1365,hanekoma_n_btl_fb07,-1,6,463,0x01CF,
1366,hanekoma_n_btl_fb05,-1,6,461,0x01CD,
1367,hanekoma_n_btl_fb04,-1,6,460,0x01CC,
1368,hanekoma_n_btl_fb06,-1,6,462,0x01CE,
1369,shiki_ayatsu_btl_dmg01,-1,6,121,0x0079,
1370,shiki_ayatsu_btl_dmg02,-1,6,122,0x007A,
1371,shiki_ayatsu_btl_dmg03,-1,6,123,0x007B,
1372,MC_01,-1,6,612,0x0264,
1373,MC_02_01,-1,6,613,0x0265,
1374,MC_02_02,-1,6,614,0x0266,
1375,MC_03,-1,6,615,0x0267,
1376,MC_04,-1,6,616,0x0268,
1377,MC_05,-1,6,617,0x0269,
1378,EV_strmse_reserve01,-1,6,618,0x026A,
1379,EV_strmse_reserve02,-1,6,619,0x026B,
1380,EV_strmse_reserve03,-1,6,620,0x026C,
1381,EV_strmse_reserve04,-1,6,621,0x026D,
1382,EV_strmse_reserve05,-1,6,622,0x026E,
1383,EV_strmse_reserve06,-1,6,623,0x026F,
1384,EV_strmse_reserve07,-1,6,624,0x0270,
1385,EV_strmse_reserve08,-1,6,625,0x0271,
1386,EV_strmse_reserve09,-1,6,626,0x0272,
1387,EV_strmse_reserve10,-1,6,627,0x0273,
